Ep,Step,Reward,Total_reward,Action,Epsilon,Done,Termination_Code
1.0,1.0,3.1,3.1,0.0,1.0,0.0
1.0,2.0,-0.30000000000000004,2.8,1.0,1.0,0.0
1.0,3.0,-40.1,-37.300000000000004,1.0,1.0,1.0
2.0,1.0,-0.30000000000000004,-0.30000000000000004,2.0,1.0,0.0
2.0,2.0,-0.30000000000000004,-0.6000000000000001,1.0,1.0,0.0
2.0,3.0,-0.1,-0.7000000000000001,3.0,1.0,0.0
2.0,4.0,-0.30000000000000004,-1.0,3.0,1.0,0.0
2.0,5.0,-0.5,-1.5,1.0,1.0,0.0
2.0,6.0,-0.5,-2.0,3.0,1.0,0.0
2.0,7.0,-0.5,-2.5,3.0,1.0,0.0
2.0,8.0,-0.30000000000000004,-2.8,0.0,1.0,1.0
3.0,1.0,0.1,0.1,2.0,1.0,0.0
3.0,2.0,-0.1,0.0,0.0,1.0,0.0
3.0,3.0,-0.1,-0.1,0.0,1.0,0.0
3.0,4.0,-0.1,-0.2,2.0,1.0,0.0
3.0,5.0,-0.30000000000000004,-0.5,2.0,1.0,0.0
3.0,6.0,-0.1,-0.6,3.0,1.0,0.0
3.0,7.0,-0.5,-1.1,1.0,1.0,0.0
3.0,8.0,-0.1,-1.2000000000000002,0.0,1.0,0.0
3.0,9.0,-0.30000000000000004,-1.5000000000000002,2.0,1.0,0.0
3.0,10.0,-0.1,-1.6000000000000003,3.0,1.0,0.0
3.0,11.0,-40.1,-41.7,0.0,1.0,1.0
4.0,1.0,0.1,0.1,1.0,1.0,0.0
4.0,2.0,-0.30000000000000004,-0.20000000000000004,0.0,1.0,0.0
4.0,3.0,-0.1,-0.30000000000000004,3.0,1.0,0.0
4.0,4.0,-0.1,-0.4,3.0,1.0,0.0
4.0,5.0,-0.30000000000000004,-0.7000000000000001,1.0,1.0,0.0
4.0,6.0,-0.30000000000000004,-1.0,3.0,1.0,0.0
4.0,7.0,-0.1,-1.1,1.0,1.0,0.0
4.0,8.0,-0.1,-1.2000000000000002,1.0,1.0,0.0
4.0,9.0,2.9,1.6999999999999997,1.0,1.0,1.0
5.0,1.0,-0.30000000000000004,-0.30000000000000004,2.0,1.0,0.0
5.0,2.0,3.1,2.8,0.0,1.0,0.0
5.0,3.0,-0.30000000000000004,2.5,1.0,1.0,0.0
5.0,4.0,-0.5,2.0,3.0,1.0,0.0
5.0,5.0,-0.1,1.9,3.0,1.0,0.0
5.0,6.0,-40.1,-38.2,1.0,1.0,1.0
6.0,1.0,-0.1,-0.1,2.0,1.0,0.0
6.0,2.0,0.1,0.0,2.0,1.0,0.0
6.0,3.0,0.1,0.1,2.0,1.0,0.0
6.0,4.0,0.1,0.2,1.0,1.0,0.0
6.0,5.0,-0.1,0.1,2.0,1.0,0.0
6.0,6.0,0.1,0.2,0.0,1.0,0.0
6.0,7.0,0.1,0.30000000000000004,0.0,1.0,0.0
6.0,8.0,-0.30000000000000004,0.0,2.0,1.0,0.0
6.0,9.0,2.9,2.9,0.0,1.0,0.0
6.0,10.0,-0.5,2.4,3.0,1.0,0.0
6.0,11.0,2.9,5.3,2.0,1.0,0.0
6.0,12.0,-0.30000000000000004,5.0,2.0,1.0,1.0
7.0,1.0,2.9,2.9,1.0,1.0,0.0
7.0,2.0,-0.30000000000000004,2.5999999999999996,0.0,1.0,0.0
7.0,3.0,0.1,2.6999999999999997,0.0,1.0,0.0
7.0,4.0,-0.1,2.5999999999999996,3.0,1.0,0.0
7.0,5.0,0.1,2.6999999999999997,2.0,1.0,0.0
7.0,6.0,-0.1,2.5999999999999996,3.0,1.0,0.0
7.0,7.0,-0.1,2.4999999999999996,3.0,1.0,0.0
7.0,8.0,-0.1,2.3999999999999995,3.0,1.0,0.0
7.0,9.0,-0.30000000000000004,2.0999999999999996,0.0,1.0,0.0
7.0,10.0,-0.1,1.9999999999999996,0.0,1.0,0.0
7.0,11.0,2.9,4.8999999999999995,0.0,1.0,0.0
7.0,12.0,-0.1,4.8,2.0,1.0,1.0
8.0,1.0,3.1,3.1,1.0,1.0,0.0
8.0,2.0,0.1,3.2,2.0,1.0,0.0
8.0,3.0,0.1,3.3000000000000003,0.0,1.0,0.0
8.0,4.0,0.1,3.4000000000000004,1.0,1.0,0.0
8.0,5.0,-39.9,-36.5,2.0,1.0,1.0
9.0,1.0,0.1,0.1,2.0,1.0,0.0
9.0,2.0,-0.1,0.0,1.0,1.0,0.0
9.0,3.0,-0.1,-0.1,1.0,1.0,0.0
9.0,4.0,-0.1,-0.2,0.0,1.0,0.0
9.0,5.0,0.1,-0.1,2.0,1.0,0.0
9.0,6.0,-0.1,-0.2,0.0,1.0,1.0
10.0,1.0,-0.5,-0.5,3.0,1.0,0.0
10.0,2.0,-0.1,-0.6,0.0,1.0,0.0
10.0,3.0,-0.1,-0.7,3.0,1.0,0.0
10.0,4.0,-0.1,-0.7999999999999999,1.0,1.0,0.0
10.0,5.0,-0.30000000000000004,-1.1,3.0,1.0,0.0
10.0,6.0,-40.1,-41.2,3.0,1.0,1.0
11.0,1.0,2.9,2.9,1.0,1.0,0.0
11.0,2.0,-0.1,2.8,3.0,1.0,0.0
11.0,3.0,-40.1,-37.300000000000004,1.0,1.0,1.0
12.0,1.0,2.9,2.9,3.0,1.0,0.0
12.0,2.0,-0.30000000000000004,2.5999999999999996,1.0,1.0,0.0
12.0,3.0,2.9,5.5,0.0,1.0,0.0
12.0,4.0,2.9,8.4,3.0,1.0,0.0
12.0,5.0,-40.1,-31.700000000000003,3.0,1.0,1.0
13.0,1.0,0.1,0.1,0.0,1.0,0.0
13.0,2.0,-0.1,0.0,1.0,1.0,0.0
13.0,3.0,0.1,0.1,0.0,1.0,0.0
13.0,4.0,0.1,0.2,0.0,1.0,0.0
13.0,5.0,0.1,0.30000000000000004,1.0,1.0,0.0
13.0,6.0,-0.1,0.20000000000000004,3.0,1.0,0.0
13.0,7.0,-0.1,0.10000000000000003,3.0,1.0,0.0
13.0,8.0,-0.1,2.7755575615628914e-17,2.0,1.0,1.0
14.0,1.0,-0.1,-0.1,1.0,1.0,0.0
14.0,2.0,-0.5,-0.6,0.0,1.0,0.0
14.0,3.0,-0.1,-0.7,1.0,1.0,0.0
14.0,4.0,-0.5,-1.2,0.0,1.0,0.0
14.0,5.0,0.1,-1.0999999999999999,0.0,1.0,0.0
14.0,6.0,0.1,-0.9999999999999999,3.0,1.0,0.0
14.0,7.0,-0.1,-1.0999999999999999,3.0,1.0,0.0
14.0,8.0,-0.1,-1.2,1.0,1.0,0.0
14.0,9.0,-0.1,-1.3,1.0,1.0,1.0
15.0,1.0,-0.5,-0.5,0.0,1.0,0.0
15.0,2.0,-0.30000000000000004,-0.8,2.0,1.0,0.0
15.0,3.0,-0.5,-1.3,3.0,1.0,0.0
15.0,4.0,-0.1,-1.4000000000000001,1.0,1.0,0.0
15.0,5.0,-0.30000000000000004,-1.7000000000000002,2.0,1.0,1.0
16.0,1.0,-0.1,-0.1,1.0,1.0,0.0
16.0,2.0,-0.30000000000000004,-0.4,1.0,1.0,0.0
16.0,3.0,-0.1,-0.5,0.0,1.0,0.0
16.0,4.0,-0.1,-0.6,0.0,1.0,0.0
16.0,5.0,-0.1,-0.7,1.0,1.0,0.0
16.0,6.0,-0.30000000000000004,-1.0,1.0,1.0,0.0
16.0,7.0,-0.1,-1.1,3.0,1.0,0.0
16.0,8.0,-0.30000000000000004,-1.4000000000000001,2.0,1.0,0.0
16.0,9.0,-0.1,-1.5000000000000002,2.0,1.0,0.0
16.0,10.0,-0.30000000000000004,-1.8000000000000003,1.0,1.0,0.0
16.0,11.0,-0.5,-2.3000000000000003,2.0,1.0,1.0
17.0,1.0,-0.1,-0.1,3.0,1.0,0.0
17.0,2.0,-0.1,-0.2,3.0,1.0,0.0
17.0,3.0,-0.1,-0.30000000000000004,2.0,1.0,0.0
17.0,4.0,-0.1,-0.4,0.0,1.0,0.0
17.0,5.0,-0.30000000000000004,-0.7000000000000001,2.0,1.0,0.0
17.0,6.0,-0.1,-0.8,1.0,1.0,0.0
17.0,7.0,-0.30000000000000004,-1.1,0.0,1.0,1.0
18.0,1.0,-0.1,-0.1,3.0,1.0,0.0
18.0,2.0,-0.1,-0.2,3.0,1.0,0.0
18.0,3.0,-0.5,-0.7,0.0,1.0,0.0
18.0,4.0,-0.1,-0.7999999999999999,3.0,1.0,0.0
18.0,5.0,-0.1,-0.8999999999999999,3.0,1.0,0.0
18.0,6.0,-0.5,-1.4,1.0,1.0,0.0
18.0,7.0,-0.5,-1.9,1.0,1.0,0.0
18.0,8.0,-40.1,-42.0,3.0,1.0,1.0
19.0,1.0,-40.1,-40.1,1.0,1.0,1.0
20.0,1.0,0.1,0.1,0.0,1.0,0.0
20.0,2.0,-0.1,0.0,3.0,1.0,0.0
20.0,3.0,3.1,3.1,0.0,1.0,0.0
20.0,4.0,-0.1,3.0,1.0,1.0,0.0
20.0,5.0,0.1,3.1,2.0,1.0,0.0
20.0,6.0,-0.1,3.0,3.0,1.0,1.0
21.0,1.0,2.9,2.9,3.0,1.0,0.0
21.0,2.0,-0.1,2.8,0.0,1.0,0.0
21.0,3.0,2.9,5.699999999999999,1.0,1.0,0.0
21.0,4.0,-0.1,5.6,1.0,1.0,0.0
21.0,5.0,-0.1,5.5,1.0,1.0,0.0
21.0,6.0,-0.1,5.4,0.0,1.0,0.0
21.0,7.0,0.1,5.5,2.0,1.0,0.0
21.0,8.0,0.1,5.6,2.0,1.0,0.0
21.0,9.0,0.1,5.699999999999999,3.0,1.0,0.0
21.0,10.0,-0.1,5.6,3.0,1.0,0.0
21.0,11.0,0.1,5.699999999999999,2.0,1.0,0.0
21.0,12.0,-0.1,5.6,0.0,1.0,0.0
21.0,13.0,2.9,8.5,3.0,1.0,1.0
22.0,1.0,-0.30000000000000004,-0.30000000000000004,0.0,1.0,0.0
22.0,2.0,-0.1,-0.4,1.0,1.0,0.0
22.0,3.0,-0.1,-0.5,1.0,1.0,0.0
22.0,4.0,-0.1,-0.6,1.0,1.0,0.0
22.0,5.0,-0.1,-0.7,0.0,1.0,0.0
22.0,6.0,-0.1,-0.7999999999999999,1.0,1.0,0.0
22.0,7.0,-0.1,-0.8999999999999999,0.0,1.0,0.0
22.0,8.0,-0.1,-0.9999999999999999,1.0,1.0,0.0
22.0,9.0,-0.30000000000000004,-1.2999999999999998,3.0,1.0,0.0
22.0,10.0,-0.1,-1.4,1.0,1.0,0.0
22.0,11.0,-0.30000000000000004,-1.7,0.0,1.0,0.0
22.0,12.0,-0.1,-1.8,0.0,1.0,0.0
22.0,13.0,-0.30000000000000004,-2.1,1.0,1.0,1.0
23.0,1.0,2.9,2.9,3.0,1.0,0.0
23.0,2.0,-0.5,2.4,2.0,1.0,0.0
23.0,3.0,2.9,5.3,3.0,1.0,0.0
23.0,4.0,-0.5,4.8,3.0,1.0,0.0
23.0,5.0,-40.1,-35.300000000000004,0.0,1.0,1.0
24.0,1.0,-0.1,-0.1,3.0,1.0,0.0
24.0,2.0,-0.5,-0.6,3.0,1.0,0.0
24.0,3.0,0.1,-0.5,0.0,1.0,0.0
24.0,4.0,0.1,-0.4,0.0,1.0,0.0
24.0,5.0,0.1,-0.30000000000000004,1.0,1.0,0.0
24.0,6.0,-0.5,-0.8,1.0,1.0,0.0
24.0,7.0,-0.1,-0.9,3.0,1.0,0.0
24.0,8.0,-0.5,-1.4,2.0,1.0,1.0
25.0,1.0,0.1,0.1,2.0,1.0,0.0
25.0,2.0,-0.30000000000000004,-0.20000000000000004,0.0,1.0,0.0
25.0,3.0,0.1,-0.10000000000000003,1.0,1.0,0.0
25.0,4.0,-0.30000000000000004,-0.4000000000000001,0.0,1.0,0.0
25.0,5.0,-0.30000000000000004,-0.7000000000000002,2.0,1.0,0.0
25.0,6.0,-0.30000000000000004,-1.0000000000000002,1.0,1.0,1.0
26.0,1.0,-0.1,-0.1,1.0,1.0,0.0
26.0,2.0,2.9,2.8,1.0,1.0,0.0
26.0,3.0,-0.1,2.6999999999999997,1.0,1.0,0.0
26.0,4.0,2.9,5.6,0.0,1.0,0.0
26.0,5.0,-0.1,5.5,3.0,1.0,0.0
26.0,6.0,-0.1,5.4,1.0,1.0,0.0
26.0,7.0,-0.1,5.300000000000001,3.0,1.0,0.0
26.0,8.0,-0.1,5.200000000000001,0.0,1.0,0.0
26.0,9.0,-0.5,4.700000000000001,3.0,1.0,0.0
26.0,10.0,-0.1,4.600000000000001,2.0,1.0,0.0
26.0,11.0,-0.5,4.100000000000001,3.0,1.0,1.0
27.0,1.0,-0.30000000000000004,-0.30000000000000004,1.0,1.0,0.0
27.0,2.0,0.1,-0.20000000000000004,1.0,1.0,0.0
27.0,3.0,0.1,-0.10000000000000003,1.0,1.0,0.0
27.0,4.0,0.1,-2.7755575615628914e-17,1.0,1.0,0.0
27.0,5.0,0.1,0.09999999999999998,1.0,1.0,0.0
27.0,6.0,0.1,0.19999999999999998,0.0,1.0,0.0
27.0,7.0,3.1,3.3000000000000003,3.0,1.0,0.0
27.0,8.0,0.1,3.4000000000000004,2.0,1.0,0.0
27.0,9.0,0.1,3.5000000000000004,0.0,1.0,0.0
27.0,10.0,0.1,3.6000000000000005,2.0,1.0,0.0
27.0,11.0,-0.30000000000000004,3.3000000000000007,2.0,1.0,0.0
27.0,12.0,3.1,6.4,1.0,1.0,0.0
27.0,13.0,-0.1,6.300000000000001,3.0,1.0,0.0
27.0,14.0,0.1,6.4,0.0,1.0,0.0
27.0,15.0,-0.30000000000000004,6.1000000000000005,2.0,1.0,1.0
28.0,1.0,-0.1,-0.1,1.0,1.0,0.0
28.0,2.0,-0.1,-0.2,2.0,1.0,0.0
28.0,3.0,-0.1,-0.30000000000000004,0.0,1.0,0.0
28.0,4.0,-0.30000000000000004,-0.6000000000000001,2.0,1.0,0.0
28.0,5.0,-0.1,-0.7000000000000001,3.0,1.0,1.0
29.0,1.0,0.1,0.1,1.0,1.0,0.0
29.0,2.0,-0.1,0.0,2.0,1.0,0.0
29.0,3.0,0.1,0.1,3.0,1.0,0.0
29.0,4.0,-0.1,0.0,2.0,1.0,0.0
29.0,5.0,3.1,3.1,0.0,1.0,0.0
29.0,6.0,-0.30000000000000004,2.8,3.0,1.0,0.0
29.0,7.0,-0.1,2.6999999999999997,0.0,1.0,0.0
29.0,8.0,-0.30000000000000004,2.3999999999999995,1.0,1.0,1.0
30.0,1.0,-0.1,-0.1,0.0,1.0,0.0
30.0,2.0,-0.30000000000000004,-0.4,1.0,1.0,0.0
30.0,3.0,-0.1,-0.5,0.0,1.0,0.0
30.0,4.0,2.9,2.4,2.0,1.0,0.0
30.0,5.0,-0.1,2.3,0.0,1.0,0.0
30.0,6.0,-0.30000000000000004,1.9999999999999998,0.0,1.0,1.0
31.0,1.0,0.1,0.1,2.0,1.0,0.0
31.0,2.0,-0.1,0.0,0.0,1.0,0.0
31.0,3.0,-0.1,-0.1,0.0,1.0,0.0
31.0,4.0,-0.1,-0.2,3.0,1.0,0.0
31.0,5.0,-0.1,-0.30000000000000004,2.0,1.0,0.0
31.0,6.0,-0.1,-0.4,0.0,1.0,0.0
31.0,7.0,-0.1,-0.5,1.0,1.0,0.0
31.0,8.0,-0.1,-0.6,1.0,1.0,0.0
31.0,9.0,-0.1,-0.7,3.0,1.0,0.0
31.0,10.0,-0.1,-0.7999999999999999,2.0,1.0,0.0
31.0,11.0,0.1,-0.7,1.0,1.0,0.0
31.0,12.0,-40.1,-40.800000000000004,2.0,1.0,1.0
32.0,1.0,-40.1,-40.1,3.0,1.0,1.0
33.0,1.0,0.1,0.1,0.0,1.0,0.0
33.0,2.0,-0.30000000000000004,-0.20000000000000004,0.0,1.0,0.0
33.0,3.0,2.9,2.6999999999999997,3.0,1.0,0.0
33.0,4.0,-0.30000000000000004,2.3999999999999995,2.0,1.0,0.0
33.0,5.0,0.1,2.4999999999999996,2.0,1.0,0.0
33.0,6.0,0.1,2.5999999999999996,1.0,1.0,0.0
33.0,7.0,0.1,2.6999999999999997,2.0,1.0,0.0
33.0,8.0,0.1,2.8,0.0,1.0,0.0
33.0,9.0,0.1,2.9,1.0,1.0,0.0
33.0,10.0,0.1,3.0,3.0,1.0,0.0
33.0,11.0,0.1,3.1,3.0,1.0,0.0
33.0,12.0,0.1,3.2,2.0,1.0,0.0
33.0,13.0,0.1,3.3000000000000003,1.0,1.0,0.0
33.0,14.0,-0.1,3.2,3.0,1.0,0.0
33.0,15.0,-0.1,3.1,3.0,1.0,1.0
34.0,1.0,-0.30000000000000004,-0.30000000000000004,0.0,1.0,0.0
34.0,2.0,-0.1,-0.4,2.0,1.0,0.0
34.0,3.0,-0.30000000000000004,-0.7000000000000001,3.0,1.0,0.0
34.0,4.0,2.9,2.1999999999999997,3.0,1.0,0.0
34.0,5.0,-0.30000000000000004,1.8999999999999997,0.0,1.0,0.0
34.0,6.0,2.9,4.8,1.0,1.0,0.0
34.0,7.0,-0.1,4.7,1.0,1.0,1.0
35.0,1.0,-40.1,-40.1,3.0,1.0,1.0
36.0,1.0,-0.5,-0.5,3.0,1.0,0.0
36.0,2.0,-0.5,-1.0,3.0,1.0,0.0
36.0,3.0,-0.1,-1.1,1.0,1.0,0.0
36.0,4.0,-0.1,-1.2000000000000002,3.0,1.0,0.0
36.0,5.0,-40.1,-41.300000000000004,3.0,1.0,1.0
37.0,1.0,-0.1,-0.1,0.0,1.0,0.0
37.0,2.0,0.1,0.0,2.0,1.0,0.0
37.0,3.0,-0.1,-0.1,0.0,1.0,0.0
37.0,4.0,0.1,0.0,2.0,1.0,0.0
37.0,5.0,-0.1,-0.1,3.0,1.0,1.0
38.0,1.0,-0.30000000000000004,-0.30000000000000004,0.0,1.0,0.0
38.0,2.0,-0.5,-0.8,0.0,1.0,0.0
38.0,3.0,-0.30000000000000004,-1.1,1.0,1.0,0.0
38.0,4.0,-0.30000000000000004,-1.4000000000000001,3.0,1.0,0.0
38.0,5.0,-0.5,-1.9000000000000001,0.0,1.0,0.0
38.0,6.0,-0.1,-2.0,0.0,1.0,1.0
39.0,1.0,-0.1,-0.1,1.0,1.0,0.0
39.0,2.0,-0.1,-0.2,3.0,1.0,0.0
39.0,3.0,-0.30000000000000004,-0.5,1.0,1.0,0.0
39.0,4.0,-0.1,-0.6,1.0,1.0,0.0
39.0,5.0,-0.1,-0.7,2.0,1.0,0.0
39.0,6.0,-0.1,-0.7999999999999999,1.0,1.0,0.0
39.0,7.0,-0.30000000000000004,-1.1,1.0,1.0,0.0
39.0,8.0,-0.1,-1.2000000000000002,1.0,1.0,0.0
39.0,9.0,-0.30000000000000004,-1.5000000000000002,0.0,1.0,0.0
39.0,10.0,-0.1,-1.6000000000000003,1.0,1.0,0.0
39.0,11.0,-0.1,-1.7000000000000004,2.0,1.0,1.0
40.0,1.0,-0.1,-0.1,3.0,1.0,0.0
40.0,2.0,-0.5,-0.6,3.0,1.0,0.0
40.0,3.0,-0.1,-0.7,3.0,1.0,0.0
40.0,4.0,0.1,-0.6,0.0,1.0,0.0
40.0,5.0,0.1,-0.5,0.0,1.0,0.0
40.0,6.0,0.1,-0.4,3.0,1.0,0.0
40.0,7.0,0.1,-0.30000000000000004,2.0,1.0,0.0
40.0,8.0,0.1,-0.20000000000000004,3.0,1.0,0.0
40.0,9.0,0.1,-0.10000000000000003,1.0,1.0,0.0
40.0,10.0,-0.1,-0.20000000000000004,3.0,1.0,0.0
40.0,11.0,0.1,-0.10000000000000003,0.0,1.0,0.0
40.0,12.0,0.1,-2.7755575615628914e-17,2.0,1.0,0.0
40.0,13.0,0.1,0.09999999999999998,2.0,1.0,0.0
40.0,14.0,-0.30000000000000004,-0.20000000000000007,2.0,1.0,0.0
40.0,15.0,0.1,-0.10000000000000006,0.0,1.0,1.0
41.0,1.0,-0.5,-0.5,3.0,1.0,0.0
41.0,2.0,0.1,-0.4,1.0,1.0,0.0
41.0,3.0,-0.1,-0.5,3.0,1.0,0.0
41.0,4.0,-0.30000000000000004,-0.8,0.0,1.0,0.0
41.0,5.0,-0.30000000000000004,-1.1,0.0,1.0,0.0
41.0,6.0,-0.1,-1.2000000000000002,2.0,1.0,0.0
41.0,7.0,-0.1,-1.3000000000000003,2.0,1.0,0.0
41.0,8.0,-0.1,-1.4000000000000004,2.0,1.0,0.0
41.0,9.0,-0.1,-1.5000000000000004,0.0,1.0,0.0
41.0,10.0,-0.1,-1.6000000000000005,1.0,1.0,0.0
41.0,11.0,-0.1,-1.7000000000000006,3.0,1.0,0.0
41.0,12.0,-0.1,-1.8000000000000007,3.0,1.0,0.0
41.0,13.0,-0.1,-1.9000000000000008,2.0,1.0,1.0
42.0,1.0,-40.1,-40.1,3.0,1.0,1.0
43.0,1.0,2.9,2.9,3.0,1.0,0.0
43.0,2.0,-0.1,2.8,0.0,1.0,0.0
43.0,3.0,0.1,2.9,0.0,1.0,0.0
43.0,4.0,-0.1,2.8,3.0,1.0,0.0
43.0,5.0,-0.5,2.3,1.0,1.0,0.0
43.0,6.0,-0.1,2.1999999999999997,0.0,1.0,0.0
43.0,7.0,-0.5,1.6999999999999997,3.0,1.0,0.0
43.0,8.0,-0.1,1.5999999999999996,2.0,1.0,0.0
43.0,9.0,-0.5,1.0999999999999996,3.0,1.0,1.0
44.0,1.0,-0.1,-0.1,1.0,1.0,0.0
44.0,2.0,-0.30000000000000004,-0.4,1.0,1.0,0.0
44.0,3.0,-0.1,-0.5,0.0,1.0,0.0
44.0,4.0,0.1,-0.4,2.0,1.0,0.0
44.0,5.0,-0.30000000000000004,-0.7000000000000001,0.0,1.0,0.0
44.0,6.0,3.1,2.4,2.0,1.0,0.0
44.0,7.0,-0.30000000000000004,2.0999999999999996,2.0,1.0,0.0
44.0,8.0,3.1,5.199999999999999,3.0,1.0,1.0
45.0,1.0,0.1,0.1,2.0,1.0,0.0
45.0,2.0,-0.30000000000000004,-0.20000000000000004,0.0,1.0,0.0
45.0,3.0,-0.30000000000000004,-0.5000000000000001,3.0,1.0,0.0
45.0,4.0,0.1,-0.40000000000000013,0.0,1.0,0.0
45.0,5.0,0.1,-0.30000000000000016,2.0,1.0,0.0
45.0,6.0,0.1,-0.20000000000000015,3.0,1.0,0.0
45.0,7.0,-0.30000000000000004,-0.5000000000000002,1.0,1.0,1.0
46.0,1.0,-0.5,-0.5,1.0,1.0,0.0
46.0,2.0,-0.30000000000000004,-0.8,1.0,1.0,0.0
46.0,3.0,-0.30000000000000004,-1.1,3.0,1.0,0.0
46.0,4.0,-0.30000000000000004,-1.4000000000000001,2.0,1.0,0.0
46.0,5.0,-0.5,-1.9000000000000001,0.0,1.0,1.0
47.0,1.0,-0.5,-0.5,3.0,1.0,0.0
47.0,2.0,-0.30000000000000004,-0.8,1.0,1.0,0.0
47.0,3.0,-0.1,-0.9,3.0,1.0,0.0
47.0,4.0,-0.1,-1.0,1.0,1.0,0.0
47.0,5.0,-0.1,-1.1,0.0,1.0,0.0
47.0,6.0,-0.30000000000000004,-1.4000000000000001,2.0,1.0,0.0
47.0,7.0,2.9,1.4999999999999998,1.0,1.0,1.0
48.0,1.0,-40.1,-40.1,2.0,1.0,1.0
49.0,1.0,0.1,0.1,2.0,1.0,0.0
49.0,2.0,-0.1,0.0,1.0,1.0,0.0
49.0,3.0,0.1,0.1,2.0,1.0,0.0
49.0,4.0,-0.1,0.0,1.0,1.0,0.0
49.0,5.0,0.1,0.1,0.0,1.0,0.0
49.0,6.0,0.1,0.2,0.0,1.0,0.0
49.0,7.0,0.1,0.30000000000000004,2.0,1.0,0.0
49.0,8.0,0.1,0.4,1.0,1.0,0.0
49.0,9.0,-39.9,-39.5,2.0,1.0,1.0
50.0,1.0,0.1,0.1,0.0,1.0,0.0
50.0,2.0,-0.30000000000000004,-0.20000000000000004,3.0,1.0,0.0
50.0,3.0,-0.1,-0.30000000000000004,1.0,1.0,0.0
50.0,4.0,-0.1,-0.4,3.0,1.0,0.0
50.0,5.0,-0.1,-0.5,3.0,1.0,0.0
50.0,6.0,-0.30000000000000004,-0.8,0.0,1.0,0.0
50.0,7.0,-0.30000000000000004,-1.1,2.0,1.0,0.0
50.0,8.0,-0.30000000000000004,-1.4000000000000001,2.0,1.0,0.0
50.0,9.0,-0.30000000000000004,-1.7000000000000002,3.0,1.0,1.0
51.0,1.0,-0.1,-0.1,1.0,1.0,0.0
51.0,2.0,-0.1,-0.2,0.0,1.0,0.0
51.0,3.0,-0.30000000000000004,-0.5,0.0,1.0,0.0
51.0,4.0,3.1,2.6,3.0,1.0,0.0
51.0,5.0,0.1,2.7,0.0,1.0,0.0
51.0,6.0,0.1,2.8000000000000003,3.0,1.0,0.0
51.0,7.0,-0.1,2.7,1.0,1.0,0.0
51.0,8.0,-0.1,2.6,1.0,1.0,0.0
51.0,9.0,-0.1,2.5,2.0,1.0,0.0
51.0,10.0,-0.1,2.4,2.0,1.0,0.0
51.0,11.0,-0.1,2.3,3.0,1.0,0.0
51.0,12.0,3.1,5.4,0.0,1.0,0.0
51.0,13.0,0.1,5.5,0.0,1.0,0.0
51.0,14.0,0.1,5.6,3.0,1.0,0.0
51.0,15.0,0.1,5.699999999999999,0.0,1.0,0.0
51.0,16.0,0.1,5.799999999999999,1.0,1.0,0.0
51.0,17.0,0.1,5.899999999999999,3.0,1.0,0.0
51.0,18.0,0.1,5.999999999999998,0.0,1.0,0.0
51.0,19.0,0.1,6.099999999999998,1.0,1.0,0.0
51.0,20.0,0.1,6.1999999999999975,3.0,1.0,1.0
52.0,1.0,-0.1,-0.1,3.0,1.0,0.0
52.0,2.0,-0.30000000000000004,-0.4,3.0,1.0,0.0
52.0,3.0,-0.1,-0.5,2.0,1.0,0.0
52.0,4.0,-0.1,-0.6,2.0,1.0,0.0
52.0,5.0,0.1,-0.5,2.0,1.0,0.0
52.0,6.0,-0.1,-0.6,2.0,1.0,0.0
52.0,7.0,3.1,2.5,0.0,1.0,0.0
52.0,8.0,3.1,5.6,0.0,1.0,0.0
52.0,9.0,3.1,8.7,0.0,1.0,0.0
52.0,10.0,-0.1,8.6,3.0,1.0,0.0
52.0,11.0,3.1,11.7,1.0,1.0,1.0
53.0,1.0,-40.1,-40.1,1.0,1.0,1.0
54.0,1.0,-0.30000000000000004,-0.30000000000000004,3.0,1.0,0.0
54.0,2.0,-40.1,-40.4,3.0,1.0,1.0
55.0,1.0,0.1,0.1,2.0,1.0,0.0
55.0,2.0,-0.1,0.0,3.0,1.0,0.0
55.0,3.0,0.1,0.1,2.0,1.0,0.0
55.0,4.0,-0.1,0.0,0.0,1.0,0.0
55.0,5.0,-40.1,-40.1,2.0,1.0,1.0
56.0,1.0,-0.1,-0.1,1.0,1.0,0.0
56.0,2.0,-0.1,-0.2,2.0,1.0,0.0
56.0,3.0,3.1,2.9,0.0,1.0,0.0
56.0,4.0,0.1,3.0,0.0,1.0,0.0
56.0,5.0,0.1,3.1,0.0,1.0,0.0
56.0,6.0,0.1,3.2,1.0,1.0,0.0
56.0,7.0,0.1,3.3000000000000003,2.0,1.0,0.0
56.0,8.0,0.1,3.4000000000000004,1.0,1.0,0.0
56.0,9.0,0.1,3.5000000000000004,3.0,1.0,0.0
56.0,10.0,-0.1,3.4000000000000004,1.0,1.0,0.0
56.0,11.0,0.1,3.5000000000000004,0.0,1.0,0.0
56.0,12.0,0.1,3.6000000000000005,2.0,1.0,0.0
56.0,13.0,0.1,3.7000000000000006,0.0,1.0,0.0
56.0,14.0,0.1,3.8000000000000007,1.0,1.0,0.0
56.0,15.0,0.1,3.900000000000001,3.0,1.0,0.0
56.0,16.0,0.1,4.000000000000001,2.0,1.0,0.0
56.0,17.0,-0.5,3.500000000000001,1.0,1.0,1.0
57.0,1.0,-0.30000000000000004,-0.30000000000000004,0.0,1.0,0.0
57.0,2.0,-0.30000000000000004,-0.6000000000000001,3.0,1.0,0.0
57.0,3.0,0.1,-0.5000000000000001,3.0,1.0,0.0
57.0,4.0,0.1,-0.40000000000000013,0.0,1.0,0.0
57.0,5.0,0.1,-0.30000000000000016,3.0,1.0,0.0
57.0,6.0,0.1,-0.20000000000000015,0.0,1.0,0.0
57.0,7.0,0.1,-0.10000000000000014,0.0,1.0,0.0
57.0,8.0,0.1,-1.3877787807814457e-16,1.0,1.0,0.0
57.0,9.0,-0.1,-0.10000000000000014,2.0,1.0,0.0
57.0,10.0,0.1,-1.3877787807814457e-16,3.0,1.0,0.0
57.0,11.0,0.1,0.09999999999999987,0.0,1.0,0.0
57.0,12.0,0.1,0.19999999999999987,1.0,1.0,0.0
57.0,13.0,0.1,0.2999999999999999,1.0,1.0,0.0
57.0,14.0,-0.1,0.19999999999999987,1.0,1.0,1.0
58.0,1.0,-0.1,-0.1,3.0,1.0,0.0
58.0,2.0,-0.1,-0.2,0.0,1.0,0.0
58.0,3.0,-0.1,-0.30000000000000004,2.0,1.0,0.0
58.0,4.0,-0.5,-0.8,1.0,1.0,0.0
58.0,5.0,-0.1,-0.9,3.0,1.0,0.0
58.0,6.0,-0.5,-1.4,3.0,1.0,0.0
58.0,7.0,-0.1,-1.5,0.0,1.0,0.0
58.0,8.0,-0.1,-1.6,2.0,1.0,0.0
58.0,9.0,-40.1,-41.7,0.0,1.0,1.0
59.0,1.0,0.1,0.1,2.0,1.0,0.0
59.0,2.0,0.1,0.2,0.0,1.0,0.0
59.0,3.0,0.1,0.30000000000000004,3.0,1.0,0.0
59.0,4.0,0.1,0.4,2.0,1.0,0.0
59.0,5.0,-0.30000000000000004,0.09999999999999998,0.0,1.0,0.0
59.0,6.0,0.1,0.19999999999999998,1.0,1.0,0.0
59.0,7.0,0.1,0.3,3.0,1.0,0.0
59.0,8.0,0.1,0.4,0.0,1.0,0.0
59.0,9.0,0.1,0.5,0.0,1.0,0.0
59.0,10.0,0.1,0.6,2.0,1.0,0.0
59.0,11.0,-0.30000000000000004,0.29999999999999993,1.0,1.0,1.0
60.0,1.0,-0.1,-0.1,1.0,1.0,0.0
60.0,2.0,-0.1,-0.2,2.0,1.0,0.0
60.0,3.0,0.1,-0.1,0.0,1.0,0.0
60.0,4.0,-0.30000000000000004,-0.4,0.0,1.0,0.0
60.0,5.0,-0.1,-0.5,3.0,1.0,0.0
60.0,6.0,0.1,-0.4,0.0,1.0,0.0
60.0,7.0,-0.1,-0.5,0.0,1.0,1.0
61.0,1.0,0.1,0.1,0.0,1.0,0.0
61.0,2.0,0.1,0.2,2.0,1.0,0.0
61.0,3.0,0.1,0.30000000000000004,1.0,1.0,0.0
61.0,4.0,-39.9,-39.6,1.0,1.0,1.0
62.0,1.0,0.1,0.1,2.0,1.0,0.0
62.0,2.0,-0.1,0.0,3.0,1.0,0.0
62.0,3.0,-0.1,-0.1,1.0,1.0,0.0
62.0,4.0,-0.1,-0.2,3.0,1.0,0.0
62.0,5.0,-0.1,-0.30000000000000004,0.0,1.0,0.0
62.0,6.0,-0.1,-0.4,3.0,1.0,0.0
62.0,7.0,-0.30000000000000004,-0.7000000000000001,0.0,1.0,0.0
62.0,8.0,-0.1,-0.8,0.0,1.0,0.0
62.0,9.0,0.1,-0.7000000000000001,0.0,1.0,0.0
62.0,10.0,0.1,-0.6000000000000001,2.0,1.0,0.0
62.0,11.0,0.1,-0.5000000000000001,2.0,1.0,0.0
62.0,12.0,3.1,2.6,2.0,1.0,0.0
62.0,13.0,0.1,2.7,3.0,1.0,0.0
62.0,14.0,0.1,2.8000000000000003,0.0,1.0,0.0
62.0,15.0,-0.1,2.7,2.0,1.0,1.0
63.0,1.0,-0.1,-0.1,0.0,1.0,0.0
63.0,2.0,-0.1,-0.2,3.0,1.0,0.0
63.0,3.0,-40.1,-40.300000000000004,3.0,1.0,1.0
64.0,1.0,-0.30000000000000004,-0.30000000000000004,1.0,1.0,0.0
64.0,2.0,-0.30000000000000004,-0.6000000000000001,2.0,1.0,0.0
64.0,3.0,-0.30000000000000004,-0.9000000000000001,3.0,1.0,0.0
64.0,4.0,-0.5,-1.4000000000000001,1.0,1.0,0.0
64.0,5.0,-0.30000000000000004,-1.7000000000000002,2.0,1.0,0.0
64.0,6.0,-0.5,-2.2,3.0,1.0,1.0
65.0,1.0,-0.30000000000000004,-0.30000000000000004,1.0,1.0,0.0
65.0,2.0,-0.1,-0.4,2.0,1.0,0.0
65.0,3.0,-0.30000000000000004,-0.7000000000000001,3.0,1.0,0.0
65.0,4.0,-0.1,-0.8,0.0,1.0,0.0
65.0,5.0,-0.1,-0.9,0.0,1.0,0.0
65.0,6.0,-0.1,-1.0,1.0,1.0,0.0
65.0,7.0,-40.1,-41.1,3.0,1.0,1.0
66.0,1.0,2.9,2.9,1.0,1.0,0.0
66.0,2.0,-0.5,2.4,0.0,1.0,0.0
66.0,3.0,-40.1,-37.7,2.0,1.0,1.0
67.0,1.0,3.1,3.1,2.0,1.0,0.0
67.0,2.0,0.1,3.2,0.0,1.0,0.0
67.0,3.0,0.1,3.3000000000000003,1.0,1.0,0.0
67.0,4.0,0.1,3.4000000000000004,0.0,1.0,0.0
67.0,5.0,-39.9,-36.5,0.0,1.0,1.0
68.0,1.0,-0.1,-0.1,3.0,1.0,0.0
68.0,2.0,-0.1,-0.2,0.0,1.0,0.0
68.0,3.0,-0.5,-0.7,2.0,1.0,0.0
68.0,4.0,-0.1,-0.7999999999999999,1.0,1.0,0.0
68.0,5.0,0.1,-0.7,2.0,1.0,0.0
68.0,6.0,-0.30000000000000004,-1.0,2.0,1.0,0.0
68.0,7.0,0.1,-0.9,3.0,1.0,0.0
68.0,8.0,-0.5,-1.4,0.0,1.0,1.0
69.0,1.0,0.1,0.1,2.0,1.0,0.0
69.0,2.0,3.1,3.2,0.0,1.0,0.0
69.0,3.0,0.1,3.3000000000000003,3.0,1.0,0.0
69.0,4.0,3.1,6.4,2.0,1.0,0.0
69.0,5.0,0.1,6.5,1.0,1.0,0.0
69.0,6.0,-40.1,-33.6,1.0,1.0,1.0
70.0,1.0,0.1,0.1,2.0,1.0,0.0
70.0,2.0,-0.1,0.0,3.0,1.0,0.0
70.0,3.0,-0.1,-0.1,0.0,1.0,0.0
70.0,4.0,0.1,0.0,0.0,1.0,0.0
70.0,5.0,-0.1,-0.1,1.0,1.0,0.0
70.0,6.0,-0.1,-0.2,1.0,1.0,0.0
70.0,7.0,-0.1,-0.30000000000000004,0.0,1.0,0.0
70.0,8.0,-0.1,-0.4,1.0,1.0,0.0
70.0,9.0,-0.1,-0.5,0.0,1.0,1.0
71.0,1.0,0.1,0.1,0.0,1.0,0.0
71.0,2.0,0.1,0.2,2.0,1.0,0.0
71.0,3.0,0.1,0.30000000000000004,0.0,1.0,0.0
71.0,4.0,-0.30000000000000004,0.0,2.0,1.0,0.0
71.0,5.0,0.1,0.1,3.0,1.0,0.0
71.0,6.0,0.1,0.2,1.0,1.0,0.0
71.0,7.0,0.1,0.30000000000000004,0.0,1.0,0.0
71.0,8.0,0.1,0.4,0.0,1.0,0.0
71.0,9.0,-0.30000000000000004,0.09999999999999998,3.0,1.0,0.0
71.0,10.0,3.1,3.2,3.0,1.0,0.0
71.0,11.0,0.1,3.3000000000000003,3.0,1.0,0.0
71.0,12.0,-0.30000000000000004,3.0,1.0,1.0,1.0
72.0,1.0,0.1,0.1,2.0,1.0,0.0
72.0,2.0,0.1,0.2,2.0,1.0,0.0
72.0,3.0,0.1,0.30000000000000004,3.0,1.0,0.0
72.0,4.0,0.1,0.4,2.0,1.0,0.0
72.0,5.0,0.1,0.5,2.0,1.0,0.0
72.0,6.0,0.1,0.6,2.0,1.0,0.0
72.0,7.0,-0.1,0.5,0.0,1.0,0.0
72.0,8.0,0.1,0.6,3.0,1.0,0.0
72.0,9.0,0.1,0.7,3.0,1.0,0.0
72.0,10.0,0.1,0.7999999999999999,3.0,1.0,0.0
72.0,11.0,0.1,0.8999999999999999,1.0,1.0,0.0
72.0,12.0,0.1,0.9999999999999999,2.0,1.0,0.0
72.0,13.0,0.1,1.0999999999999999,1.0,1.0,0.0
72.0,14.0,-0.1,0.9999999999999999,3.0,1.0,0.0
72.0,15.0,0.1,1.0999999999999999,2.0,1.0,0.0
72.0,16.0,0.1,1.2,2.0,1.0,0.0
72.0,17.0,0.1,1.3,0.0,1.0,0.0
72.0,18.0,0.1,1.4000000000000001,1.0,1.0,0.0
72.0,19.0,0.1,1.5000000000000002,0.0,1.0,0.0
72.0,20.0,0.1,1.6000000000000003,0.0,1.0,0.0
72.0,21.0,0.1,1.7000000000000004,3.0,1.0,0.0
72.0,22.0,-0.1,1.6000000000000003,0.0,1.0,1.0
73.0,1.0,0.1,0.1,2.0,1.0,0.0
73.0,2.0,-0.1,0.0,1.0,1.0,0.0
73.0,3.0,-0.1,-0.1,3.0,1.0,0.0
73.0,4.0,-0.1,-0.2,3.0,1.0,0.0
73.0,5.0,-0.1,-0.30000000000000004,0.0,1.0,0.0
73.0,6.0,0.1,-0.20000000000000004,0.0,1.0,0.0
73.0,7.0,-0.1,-0.30000000000000004,1.0,1.0,0.0
73.0,8.0,-0.1,-0.4,2.0,1.0,0.0
73.0,9.0,0.1,-0.30000000000000004,0.0,1.0,0.0
73.0,10.0,0.1,-0.20000000000000004,0.0,1.0,0.0
73.0,11.0,0.1,-0.10000000000000003,1.0,1.0,0.0
73.0,12.0,-0.1,-0.20000000000000004,1.0,1.0,0.0
73.0,13.0,-0.1,-0.30000000000000004,1.0,1.0,0.0
73.0,14.0,-0.1,-0.4,2.0,1.0,0.0
73.0,15.0,0.1,-0.30000000000000004,0.0,1.0,0.0
73.0,16.0,-0.1,-0.4,3.0,1.0,0.0
73.0,17.0,-0.1,-0.5,3.0,1.0,0.0
73.0,18.0,-0.1,-0.6,3.0,1.0,0.0
73.0,19.0,-0.1,-0.7,3.0,1.0,0.0
73.0,20.0,-0.1,-0.7999999999999999,1.0,1.0,0.0
73.0,21.0,-0.30000000000000004,-1.1,1.0,1.0,0.0
73.0,22.0,-0.1,-1.2000000000000002,3.0,1.0,1.0
74.0,1.0,0.1,0.1,2.0,1.0,0.0
74.0,2.0,0.1,0.2,2.0,1.0,0.0
74.0,3.0,0.1,0.30000000000000004,3.0,1.0,0.0
74.0,4.0,-0.1,0.20000000000000004,3.0,1.0,0.0
74.0,5.0,-0.1,0.10000000000000003,1.0,1.0,0.0
74.0,6.0,-0.1,2.7755575615628914e-17,0.0,1.0,0.0
74.0,7.0,-0.1,-0.09999999999999998,1.0,1.0,0.0
74.0,8.0,-0.1,-0.19999999999999998,3.0,1.0,0.0
74.0,9.0,-0.1,-0.3,1.0,1.0,0.0
74.0,10.0,2.9,2.6,1.0,1.0,0.0
74.0,11.0,-0.1,2.5,3.0,1.0,0.0
74.0,12.0,-0.1,2.4,1.0,1.0,0.0
74.0,13.0,-0.5,1.9,2.0,1.0,0.0
74.0,14.0,2.9,4.8,0.0,1.0,1.0
75.0,1.0,-0.1,-0.1,3.0,1.0,0.0
75.0,2.0,-0.1,-0.2,1.0,1.0,0.0
75.0,3.0,-0.1,-0.30000000000000004,0.0,1.0,0.0
75.0,4.0,-40.1,-40.4,0.0,1.0,1.0
76.0,1.0,-0.5,-0.5,3.0,1.0,0.0
76.0,2.0,-0.5,-1.0,2.0,1.0,0.0
76.0,3.0,-0.1,-1.1,1.0,1.0,0.0
76.0,4.0,-0.5,-1.6,0.0,1.0,0.0
76.0,5.0,-0.30000000000000004,-1.9000000000000001,2.0,1.0,1.0
77.0,1.0,0.1,0.1,2.0,1.0,0.0
77.0,2.0,-0.30000000000000004,-0.20000000000000004,1.0,1.0,0.0
77.0,3.0,0.1,-0.10000000000000003,1.0,1.0,0.0
77.0,4.0,0.1,-2.7755575615628914e-17,3.0,1.0,0.0
77.0,5.0,0.1,0.09999999999999998,1.0,1.0,0.0
77.0,6.0,0.1,0.19999999999999998,0.0,1.0,0.0
77.0,7.0,0.1,0.3,3.0,1.0,0.0
77.0,8.0,-0.30000000000000004,-5.551115123125783e-17,0.0,1.0,0.0
77.0,9.0,-40.1,-40.1,3.0,1.0,1.0
78.0,1.0,-0.5,-0.5,3.0,1.0,0.0
78.0,2.0,-0.1,-0.6,3.0,1.0,0.0
78.0,3.0,2.9,2.3,3.0,1.0,0.0
78.0,4.0,-0.1,2.1999999999999997,2.0,1.0,0.0
78.0,5.0,-0.5,1.6999999999999997,2.0,1.0,0.0
78.0,6.0,0.1,1.7999999999999998,1.0,1.0,1.0
79.0,1.0,0.1,0.1,2.0,1.0,0.0
79.0,2.0,-0.1,0.0,1.0,1.0,0.0
79.0,3.0,0.1,0.1,0.0,1.0,0.0
79.0,4.0,-0.1,0.0,3.0,1.0,0.0
79.0,5.0,-0.1,-0.1,1.0,1.0,0.0
79.0,6.0,-0.1,-0.2,0.0,1.0,0.0
79.0,7.0,0.1,-0.1,2.0,1.0,0.0
79.0,8.0,-0.1,-0.2,1.0,1.0,0.0
79.0,9.0,0.1,-0.1,2.0,1.0,0.0
79.0,10.0,-0.1,-0.2,0.0,1.0,0.0
79.0,11.0,0.1,-0.1,3.0,1.0,0.0
79.0,12.0,-0.1,-0.2,2.0,1.0,1.0
80.0,1.0,0.1,0.1,2.0,1.0,0.0
80.0,2.0,-39.9,-39.8,1.0,1.0,1.0
81.0,1.0,-40.1,-40.1,3.0,1.0,1.0
82.0,1.0,-0.30000000000000004,-0.30000000000000004,0.0,1.0,0.0
82.0,2.0,-0.1,-0.4,1.0,1.0,0.0
82.0,3.0,-0.30000000000000004,-0.7000000000000001,0.0,1.0,0.0
82.0,4.0,-0.1,-0.8,1.0,1.0,0.0
82.0,5.0,-0.1,-0.9,1.0,1.0,0.0
82.0,6.0,-0.1,-1.0,3.0,1.0,0.0
82.0,7.0,-0.30000000000000004,-1.3,1.0,1.0,0.0
82.0,8.0,-0.1,-1.4000000000000001,2.0,1.0,0.0
82.0,9.0,-0.1,-1.5000000000000002,2.0,1.0,0.0
82.0,10.0,-0.1,-1.6000000000000003,3.0,1.0,0.0
82.0,11.0,-0.1,-1.7000000000000004,2.0,1.0,1.0
83.0,1.0,-0.1,-0.1,3.0,1.0,0.0
83.0,2.0,-0.1,-0.2,0.0,1.0,0.0
83.0,3.0,-0.1,-0.30000000000000004,1.0,1.0,0.0
83.0,4.0,-0.1,-0.4,3.0,1.0,0.0
83.0,5.0,-40.1,-40.5,3.0,1.0,1.0
84.0,1.0,-0.5,-0.5,0.0,1.0,0.0
84.0,2.0,-0.1,-0.6,2.0,1.0,0.0
84.0,3.0,-0.5,-1.1,0.0,1.0,0.0
84.0,4.0,-0.1,-1.2000000000000002,0.0,1.0,0.0
84.0,5.0,-40.1,-41.300000000000004,0.0,1.0,1.0
85.0,1.0,-40.1,-40.1,3.0,1.0,1.0
86.0,1.0,-0.1,-0.1,1.0,1.0,0.0
86.0,2.0,-0.1,-0.2,3.0,1.0,0.0
86.0,3.0,-0.1,-0.30000000000000004,0.0,1.0,0.0
86.0,4.0,0.1,-0.20000000000000004,0.0,1.0,0.0
86.0,5.0,0.1,-0.10000000000000003,2.0,1.0,0.0
86.0,6.0,0.1,-2.7755575615628914e-17,3.0,1.0,0.0
86.0,7.0,0.1,0.09999999999999998,3.0,1.0,0.0
86.0,8.0,0.1,0.19999999999999998,0.0,1.0,0.0
86.0,9.0,3.1,3.3000000000000003,2.0,1.0,0.0
86.0,10.0,0.1,3.4000000000000004,2.0,1.0,0.0
86.0,11.0,-0.30000000000000004,3.1000000000000005,0.0,1.0,0.0
86.0,12.0,0.1,3.2000000000000006,0.0,1.0,0.0
86.0,13.0,-0.30000000000000004,2.9000000000000004,2.0,1.0,1.0
87.0,1.0,-40.1,-40.1,2.0,1.0,1.0
88.0,1.0,-0.30000000000000004,-0.30000000000000004,1.0,1.0,0.0
88.0,2.0,-0.30000000000000004,-0.6000000000000001,1.0,1.0,0.0
88.0,3.0,-0.5,-1.1,1.0,1.0,0.0
88.0,4.0,-0.1,-1.2000000000000002,1.0,1.0,0.0
88.0,5.0,-0.1,-1.3000000000000003,1.0,1.0,0.0
88.0,6.0,-0.1,-1.4000000000000004,0.0,1.0,0.0
88.0,7.0,-0.1,-1.5000000000000004,3.0,1.0,0.0
88.0,8.0,-0.1,-1.6000000000000005,2.0,1.0,0.0
88.0,9.0,-0.5,-2.1000000000000005,0.0,1.0,1.0
89.0,1.0,-0.30000000000000004,-0.30000000000000004,2.0,1.0,0.0
89.0,2.0,0.1,-0.20000000000000004,0.0,1.0,0.0
89.0,3.0,-0.30000000000000004,-0.5000000000000001,1.0,1.0,0.0
89.0,4.0,0.1,-0.40000000000000013,0.0,1.0,0.0
89.0,5.0,-0.30000000000000004,-0.7000000000000002,1.0,1.0,1.0
90.0,1.0,0.1,0.1,2.0,1.0,0.0
90.0,2.0,0.1,0.2,2.0,1.0,0.0
90.0,3.0,0.1,0.30000000000000004,1.0,1.0,0.0
90.0,4.0,0.1,0.4,2.0,1.0,0.0
90.0,5.0,-0.1,0.30000000000000004,1.0,1.0,0.0
90.0,6.0,0.1,0.4,0.0,1.0,0.0
90.0,7.0,-0.1,0.30000000000000004,1.0,1.0,0.0
90.0,8.0,0.1,0.4,0.0,1.0,0.0
90.0,9.0,-0.1,0.30000000000000004,1.0,1.0,0.0
90.0,10.0,-0.1,0.20000000000000004,1.0,1.0,1.0
91.0,1.0,-0.1,-0.1,1.0,1.0,0.0
91.0,2.0,-0.1,-0.2,0.0,1.0,0.0
91.0,3.0,-0.1,-0.30000000000000004,1.0,1.0,0.0
91.0,4.0,-0.1,-0.4,0.0,1.0,0.0
91.0,5.0,-0.1,-0.5,1.0,1.0,0.0
91.0,6.0,-0.1,-0.6,2.0,1.0,0.0
91.0,7.0,0.1,-0.5,0.0,1.0,0.0
91.0,8.0,0.1,-0.4,2.0,1.0,0.0
91.0,9.0,0.1,-0.30000000000000004,3.0,1.0,0.0
91.0,10.0,-0.1,-0.4,1.0,1.0,0.0
91.0,11.0,-0.1,-0.5,3.0,1.0,0.0
91.0,12.0,-40.1,-40.6,3.0,1.0,1.0
92.0,1.0,-0.1,-0.1,2.0,1.0,0.0
92.0,2.0,3.1,3.0,2.0,1.0,0.0
92.0,3.0,-39.9,-36.9,0.0,1.0,1.0
93.0,1.0,0.1,0.1,2.0,1.0,0.0
93.0,2.0,3.1,3.2,2.0,1.0,0.0
93.0,3.0,0.1,3.3000000000000003,3.0,1.0,0.0
93.0,4.0,3.1,6.4,2.0,1.0,0.0
93.0,5.0,0.1,6.5,3.0,1.0,0.0
93.0,6.0,-0.30000000000000004,6.2,0.0,1.0,0.0
93.0,7.0,-0.30000000000000004,5.9,0.0,1.0,0.0
93.0,8.0,-0.30000000000000004,5.6000000000000005,2.0,1.0,0.0
93.0,9.0,-0.30000000000000004,5.300000000000001,1.0,1.0,0.0
93.0,10.0,3.1,8.4,1.0,1.0,0.0
93.0,11.0,-0.1,8.3,1.0,1.0,0.0
93.0,12.0,3.1,11.4,0.0,1.0,0.0
93.0,13.0,3.1,14.5,2.0,1.0,1.0
94.0,1.0,-0.5,-0.5,1.0,1.0,0.0
94.0,2.0,-40.1,-40.6,2.0,1.0,1.0
95.0,1.0,-0.30000000000000004,-0.30000000000000004,1.0,1.0,0.0
95.0,2.0,0.1,-0.20000000000000004,1.0,1.0,0.0
95.0,3.0,-0.30000000000000004,-0.5000000000000001,0.0,1.0,0.0
95.0,4.0,0.1,-0.40000000000000013,3.0,1.0,0.0
95.0,5.0,-0.1,-0.5000000000000001,0.0,1.0,0.0
95.0,6.0,-0.1,-0.6000000000000001,3.0,1.0,0.0
95.0,7.0,-0.30000000000000004,-0.9000000000000001,1.0,1.0,0.0
95.0,8.0,0.1,-0.8000000000000002,2.0,1.0,0.0
95.0,9.0,-0.1,-0.9000000000000001,0.0,1.0,0.0
95.0,10.0,-40.1,-41.0,0.0,1.0,1.0
96.0,1.0,0.1,0.1,0.0,1.0,0.0
96.0,2.0,-0.1,0.0,0.0,1.0,0.0
96.0,3.0,0.1,0.1,3.0,1.0,0.0
96.0,4.0,0.1,0.2,0.0,1.0,0.0
96.0,5.0,0.1,0.30000000000000004,0.0,1.0,0.0
96.0,6.0,-0.1,0.20000000000000004,2.0,1.0,0.0
96.0,7.0,0.1,0.30000000000000004,1.0,1.0,0.0
96.0,8.0,-0.1,0.20000000000000004,1.0,1.0,0.0
96.0,9.0,0.1,0.30000000000000004,0.0,1.0,0.0
96.0,10.0,0.1,0.4,2.0,1.0,0.0
96.0,11.0,-0.30000000000000004,0.09999999999999998,0.0,1.0,1.0
97.0,1.0,0.1,0.1,2.0,1.0,0.0
97.0,2.0,0.1,0.2,2.0,1.0,0.0
97.0,3.0,-0.1,0.1,1.0,1.0,0.0
97.0,4.0,3.1,3.2,2.0,1.0,0.0
97.0,5.0,-0.1,3.1,2.0,1.0,0.0
97.0,6.0,3.1,6.2,3.0,1.0,0.0
97.0,7.0,-0.1,6.1000000000000005,2.0,1.0,0.0
97.0,8.0,-39.9,-33.8,2.0,1.0,1.0
98.0,1.0,-40.1,-40.1,1.0,1.0,1.0
99.0,1.0,0.1,0.1,0.0,1.0,0.0
99.0,2.0,-0.1,0.0,3.0,1.0,0.0
99.0,3.0,-0.1,-0.1,1.0,1.0,0.0
99.0,4.0,-0.1,-0.2,3.0,1.0,0.0
99.0,5.0,-0.5,-0.7,3.0,1.0,0.0
99.0,6.0,-0.1,-0.7999999999999999,2.0,1.0,0.0
99.0,7.0,-0.5,-1.2999999999999998,3.0,1.0,1.0
100.0,1.0,-0.1,-0.1,1.0,1.0,0.0
100.0,2.0,-0.30000000000000004,-0.4,3.0,1.0,0.0
100.0,3.0,-0.5,-0.9,1.0,1.0,0.0
100.0,4.0,-0.30000000000000004,-1.2000000000000002,0.0,1.0,0.0
100.0,5.0,-0.5,-1.7000000000000002,1.0,1.0,1.0
101.0,1.0,-0.30000000000000004,-0.30000000000000004,3.0,1.0,0.0
101.0,2.0,-40.1,-40.4,3.0,1.0,1.0
102.0,1.0,-0.5,-0.5,3.0,1.0,0.0
102.0,2.0,-0.5,-1.0,0.0,1.0,0.0
102.0,3.0,-0.5,-1.5,1.0,1.0,0.0
102.0,4.0,-40.1,-41.6,3.0,1.0,1.0
103.0,1.0,-0.1,-0.1,3.0,1.0,0.0
103.0,2.0,-0.30000000000000004,-0.4,1.0,1.0,0.0
103.0,3.0,-0.1,-0.5,0.0,1.0,0.0
103.0,4.0,-0.30000000000000004,-0.8,1.0,1.0,0.0
103.0,5.0,-0.1,-0.9,3.0,1.0,0.0
103.0,6.0,-0.30000000000000004,-1.2000000000000002,2.0,1.0,0.0
103.0,7.0,-0.1,-1.3000000000000003,3.0,1.0,0.0
103.0,8.0,-0.5,-1.8000000000000003,3.0,1.0,0.0
103.0,9.0,-0.5,-2.3000000000000003,1.0,1.0,0.0
103.0,10.0,-0.30000000000000004,-2.6000000000000005,3.0,1.0,1.0
104.0,1.0,0.1,0.1,2.0,1.0,0.0
104.0,2.0,0.1,0.2,1.0,1.0,0.0
104.0,3.0,-0.1,0.1,3.0,1.0,0.0
104.0,4.0,-0.5,-0.4,1.0,1.0,0.0
104.0,5.0,-0.1,-0.5,0.0,1.0,0.0
104.0,6.0,-0.1,-0.6,0.0,1.0,1.0
105.0,1.0,-0.30000000000000004,-0.30000000000000004,2.0,1.0,0.0
105.0,2.0,-0.5,-0.8,1.0,1.0,0.0
105.0,3.0,-0.1,-0.9,1.0,1.0,0.0
105.0,4.0,-0.1,-1.0,2.0,1.0,0.0
105.0,5.0,-0.1,-1.1,3.0,1.0,0.0
105.0,6.0,-0.1,-1.2000000000000002,3.0,1.0,0.0
105.0,7.0,-0.1,-1.3000000000000003,3.0,1.0,0.0
105.0,8.0,-0.1,-1.4000000000000004,3.0,1.0,0.0
105.0,9.0,-0.5,-1.9000000000000004,1.0,1.0,0.0
105.0,10.0,-0.1,-2.0000000000000004,2.0,1.0,0.0
105.0,11.0,-0.5,-2.5000000000000004,3.0,1.0,0.0
105.0,12.0,-0.5,-3.0000000000000004,3.0,1.0,0.0
105.0,13.0,-40.1,-43.1,3.0,1.0,1.0
106.0,1.0,-0.30000000000000004,-0.30000000000000004,1.0,1.0,0.0
106.0,2.0,-0.1,-0.4,2.0,1.0,0.0
106.0,3.0,-0.1,-0.5,1.0,1.0,0.0
106.0,4.0,-0.30000000000000004,-0.8,1.0,1.0,0.0
106.0,5.0,-0.1,-0.9,2.0,1.0,0.0
106.0,6.0,-0.30000000000000004,-1.2000000000000002,2.0,1.0,0.0
106.0,7.0,-0.1,-1.3000000000000003,3.0,1.0,0.0
106.0,8.0,-0.30000000000000004,-1.6000000000000003,3.0,1.0,0.0
106.0,9.0,-0.1,-1.7000000000000004,2.0,1.0,0.0
106.0,10.0,-0.1,-1.8000000000000005,1.0,1.0,1.0
107.0,1.0,-0.1,-0.1,2.0,1.0,0.0
107.0,2.0,3.1,3.0,1.0,1.0,0.0
107.0,3.0,-0.1,2.9,0.0,1.0,0.0
107.0,4.0,3.1,6.0,1.0,1.0,0.0
107.0,5.0,-0.1,5.9,1.0,1.0,1.0
108.0,1.0,2.9,2.9,3.0,1.0,0.0
108.0,2.0,-0.30000000000000004,2.5999999999999996,1.0,1.0,0.0
108.0,3.0,2.9,5.5,0.0,1.0,0.0
108.0,4.0,-0.1,5.4,0.0,1.0,0.0
108.0,5.0,-40.1,-34.7,3.0,1.0,1.0
109.0,1.0,3.1,3.1,1.0,1.0,0.0
109.0,2.0,-0.1,3.0,2.0,1.0,0.0
109.0,3.0,3.1,6.1,3.0,1.0,0.0
109.0,4.0,-40.1,-34.0,3.0,1.0,1.0
110.0,1.0,-40.1,-40.1,3.0,1.0,1.0
111.0,1.0,0.1,0.1,0.0,1.0,0.0
111.0,2.0,-0.1,0.0,1.0,1.0,0.0
111.0,3.0,2.9,2.9,3.0,1.0,0.0
111.0,4.0,0.1,3.0,0.0,1.0,0.0
111.0,5.0,0.1,3.1,3.0,1.0,0.0
111.0,6.0,0.1,3.2,2.0,1.0,0.0
111.0,7.0,0.1,3.3000000000000003,2.0,1.0,0.0
111.0,8.0,-0.30000000000000004,3.0,0.0,1.0,0.0
111.0,9.0,3.1,6.1,2.0,1.0,1.0
112.0,1.0,2.9,2.9,1.0,1.0,0.0
112.0,2.0,-40.1,-37.2,3.0,1.0,1.0
113.0,1.0,-40.1,-40.1,3.0,1.0,1.0
114.0,1.0,-0.5,-0.5,0.0,1.0,0.0
114.0,2.0,-0.5,-1.0,1.0,1.0,0.0
114.0,3.0,-0.1,-1.1,3.0,1.0,0.0
114.0,4.0,-0.1,-1.2000000000000002,3.0,1.0,0.0
114.0,5.0,-0.1,-1.3000000000000003,1.0,1.0,0.0
114.0,6.0,0.1,-1.2000000000000002,1.0,1.0,0.0
114.0,7.0,-0.30000000000000004,-1.5000000000000002,2.0,1.0,0.0
114.0,8.0,0.1,-1.4000000000000001,0.0,1.0,0.0
114.0,9.0,-0.1,-1.5000000000000002,3.0,1.0,1.0
115.0,1.0,-0.1,-0.1,0.0,1.0,0.0
115.0,2.0,0.1,0.0,3.0,1.0,0.0
115.0,3.0,-0.1,-0.1,2.0,1.0,0.0
115.0,4.0,-0.1,-0.2,1.0,1.0,0.0
115.0,5.0,0.1,-0.1,2.0,1.0,0.0
115.0,6.0,-0.5,-0.6,1.0,1.0,1.0
116.0,1.0,0.1,0.1,2.0,1.0,0.0
116.0,2.0,-0.5,-0.4,3.0,1.0,0.0
116.0,3.0,0.1,-0.30000000000000004,0.0,1.0,0.0
116.0,4.0,0.1,-0.20000000000000004,2.0,1.0,0.0
116.0,5.0,0.1,-0.10000000000000003,0.0,1.0,0.0
116.0,6.0,3.1,3.0,0.0,1.0,0.0
116.0,7.0,0.1,3.1,3.0,1.0,0.0
116.0,8.0,3.1,6.2,2.0,1.0,0.0
116.0,9.0,0.1,6.3,3.0,1.0,0.0
116.0,10.0,0.1,6.3999999999999995,3.0,1.0,0.0
116.0,11.0,0.1,6.499999999999999,3.0,1.0,0.0
116.0,12.0,3.1,9.6,0.0,1.0,0.0
116.0,13.0,0.1,9.7,1.0,1.0,0.0
116.0,14.0,3.1,12.799999999999999,0.0,1.0,0.0
116.0,15.0,0.1,12.899999999999999,0.0,1.0,0.0
116.0,16.0,0.1,12.999999999999998,2.0,1.0,1.0
117.0,1.0,-0.1,-0.1,1.0,1.0,0.0
117.0,2.0,-0.1,-0.2,3.0,1.0,0.0
117.0,3.0,-0.1,-0.30000000000000004,3.0,1.0,0.0
117.0,4.0,-0.1,-0.4,3.0,1.0,0.0
117.0,5.0,-0.1,-0.5,0.0,1.0,0.0
117.0,6.0,-0.1,-0.6,3.0,1.0,0.0
117.0,7.0,-0.1,-0.7,2.0,1.0,0.0
117.0,8.0,-0.1,-0.7999999999999999,3.0,1.0,0.0
117.0,9.0,-0.5,-1.2999999999999998,1.0,1.0,0.0
117.0,10.0,-0.1,-1.4,2.0,1.0,0.0
117.0,11.0,-0.1,-1.5,2.0,1.0,0.0
117.0,12.0,-0.1,-1.6,0.0,1.0,0.0
117.0,13.0,-0.1,-1.7000000000000002,2.0,1.0,0.0
117.0,14.0,-0.1,-1.8000000000000003,3.0,1.0,0.0
117.0,15.0,-0.1,-1.9000000000000004,3.0,1.0,0.0
117.0,16.0,-0.1,-2.0000000000000004,2.0,1.0,0.0
117.0,17.0,-0.1,-2.1000000000000005,2.0,1.0,0.0
117.0,18.0,-0.1,-2.2000000000000006,2.0,1.0,0.0
117.0,19.0,-0.1,-2.3000000000000007,2.0,1.0,0.0
117.0,20.0,3.1,0.7999999999999994,1.0,1.0,1.0
118.0,1.0,-0.1,-0.1,0.0,1.0,0.0
118.0,2.0,-0.5,-0.6,3.0,1.0,0.0
118.0,3.0,2.9,2.3,0.0,1.0,0.0
118.0,4.0,-0.1,2.1999999999999997,2.0,1.0,0.0
118.0,5.0,-0.1,2.0999999999999996,0.0,1.0,0.0
118.0,6.0,-0.1,1.9999999999999996,0.0,1.0,0.0
118.0,7.0,-0.5,1.4999999999999996,2.0,1.0,0.0
118.0,8.0,-0.30000000000000004,1.1999999999999995,2.0,1.0,0.0
118.0,9.0,-0.5,0.6999999999999995,2.0,1.0,0.0
118.0,10.0,-0.1,0.5999999999999995,2.0,1.0,0.0
118.0,11.0,-0.1,0.49999999999999956,0.0,1.0,0.0
118.0,12.0,-0.1,0.3999999999999996,1.0,1.0,0.0
118.0,13.0,-0.1,0.2999999999999996,1.0,1.0,0.0
118.0,14.0,-0.1,0.1999999999999996,0.0,1.0,0.0
118.0,15.0,-0.1,0.09999999999999959,0.0,1.0,0.0
118.0,16.0,-0.1,-4.163336342344337e-16,1.0,1.0,0.0
118.0,17.0,-40.1,-40.1,2.0,1.0,1.0
119.0,1.0,-0.1,-0.1,3.0,1.0,0.0
119.0,2.0,-0.1,-0.2,2.0,1.0,0.0
119.0,3.0,0.1,-0.1,2.0,1.0,0.0
119.0,4.0,0.1,0.0,2.0,1.0,0.0
119.0,5.0,0.1,0.1,3.0,1.0,0.0
119.0,6.0,-0.1,0.0,0.0,1.0,0.0
119.0,7.0,-0.30000000000000004,-0.30000000000000004,0.0,1.0,0.0
119.0,8.0,-0.1,-0.4,1.0,1.0,0.0
119.0,9.0,-0.1,-0.5,3.0,1.0,0.0
119.0,10.0,-0.1,-0.6,1.0,1.0,0.0
119.0,11.0,-0.1,-0.7,3.0,1.0,0.0
119.0,12.0,-0.1,-0.7999999999999999,2.0,1.0,0.0
119.0,13.0,3.1,2.3000000000000003,1.0,1.0,0.0
119.0,14.0,-0.30000000000000004,2.0,1.0,1.0,1.0
120.0,1.0,-0.30000000000000004,-0.30000000000000004,0.0,1.0,0.0
120.0,2.0,0.1,-0.20000000000000004,0.0,1.0,0.0
120.0,3.0,0.1,-0.10000000000000003,0.0,1.0,0.0
120.0,4.0,0.1,-2.7755575615628914e-17,2.0,1.0,0.0
120.0,5.0,0.1,0.09999999999999998,0.0,1.0,0.0
120.0,6.0,-0.30000000000000004,-0.20000000000000007,3.0,1.0,0.0
120.0,7.0,0.1,-0.10000000000000006,1.0,1.0,0.0
120.0,8.0,0.1,-5.551115123125783e-17,1.0,1.0,0.0
120.0,9.0,0.1,0.09999999999999995,2.0,1.0,0.0
120.0,10.0,0.1,0.19999999999999996,0.0,1.0,0.0
120.0,11.0,0.1,0.29999999999999993,0.0,1.0,0.0
120.0,12.0,0.1,0.3999999999999999,0.0,1.0,0.0
120.0,13.0,0.1,0.4999999999999999,0.0,1.0,0.0
120.0,14.0,0.1,0.5999999999999999,1.0,1.0,0.0
120.0,15.0,0.1,0.6999999999999998,3.0,1.0,0.0
120.0,16.0,-0.30000000000000004,0.3999999999999998,1.0,1.0,1.0
121.0,1.0,-0.1,-0.1,3.0,1.0,0.0
121.0,2.0,-0.1,-0.2,2.0,1.0,0.0
121.0,3.0,-0.1,-0.30000000000000004,0.0,1.0,0.0
121.0,4.0,-0.1,-0.4,0.0,1.0,0.0
121.0,5.0,-0.1,-0.5,2.0,1.0,0.0
121.0,6.0,-0.1,-0.6,3.0,1.0,0.0
121.0,7.0,-0.1,-0.7,0.0,1.0,0.0
121.0,8.0,-0.5,-1.2,3.0,1.0,0.0
121.0,9.0,-0.1,-1.3,3.0,1.0,0.0
121.0,10.0,-0.5,-1.8,0.0,1.0,0.0
121.0,11.0,-0.30000000000000004,-2.1,3.0,1.0,0.0
121.0,12.0,-0.1,-2.2,1.0,1.0,0.0
121.0,13.0,-0.1,-2.3000000000000003,1.0,1.0,0.0
121.0,14.0,-0.1,-2.4000000000000004,0.0,1.0,1.0
122.0,1.0,-0.30000000000000004,-0.30000000000000004,3.0,1.0,0.0
122.0,2.0,-0.30000000000000004,-0.6000000000000001,2.0,1.0,0.0
122.0,3.0,-0.1,-0.7000000000000001,2.0,1.0,0.0
122.0,4.0,-0.30000000000000004,-1.0,1.0,1.0,0.0
122.0,5.0,2.9,1.9,3.0,1.0,0.0
122.0,6.0,-0.1,1.7999999999999998,1.0,1.0,1.0
123.0,1.0,0.1,0.1,0.0,1.0,0.0
123.0,2.0,0.1,0.2,0.0,1.0,0.0
123.0,3.0,0.1,0.30000000000000004,3.0,1.0,0.0
123.0,4.0,0.1,0.4,2.0,1.0,0.0
123.0,5.0,0.1,0.5,0.0,1.0,0.0
123.0,6.0,0.1,0.6,1.0,1.0,0.0
123.0,7.0,0.1,0.7,0.0,1.0,0.0
123.0,8.0,0.1,0.7999999999999999,3.0,1.0,0.0
123.0,9.0,-0.1,0.7,3.0,1.0,0.0
123.0,10.0,0.1,0.7999999999999999,2.0,1.0,0.0
123.0,11.0,-0.1,0.7,3.0,1.0,0.0
123.0,12.0,0.1,0.7999999999999999,1.0,1.0,1.0
124.0,1.0,0.1,0.1,0.0,1.0,0.0
124.0,2.0,0.1,0.2,0.0,1.0,0.0
124.0,3.0,0.1,0.30000000000000004,3.0,1.0,0.0
124.0,4.0,0.1,0.4,3.0,1.0,0.0
124.0,5.0,0.1,0.5,0.0,1.0,0.0
124.0,6.0,0.1,0.6,0.0,1.0,0.0
124.0,7.0,0.1,0.7,1.0,1.0,0.0
124.0,8.0,0.1,0.7999999999999999,2.0,1.0,0.0
124.0,9.0,0.1,0.8999999999999999,1.0,1.0,0.0
124.0,10.0,0.1,0.9999999999999999,2.0,1.0,0.0
124.0,11.0,0.1,1.0999999999999999,3.0,1.0,0.0
124.0,12.0,-0.30000000000000004,0.7999999999999998,1.0,1.0,0.0
124.0,13.0,0.1,0.8999999999999998,0.0,1.0,0.0
124.0,14.0,0.1,0.9999999999999998,0.0,1.0,0.0
124.0,15.0,3.1,4.1,2.0,1.0,0.0
124.0,16.0,0.1,4.199999999999999,3.0,1.0,0.0
124.0,17.0,0.1,4.299999999999999,0.0,1.0,0.0
124.0,18.0,0.1,4.399999999999999,2.0,1.0,1.0
125.0,1.0,-0.30000000000000004,-0.30000000000000004,1.0,0.999,0.0
125.0,2.0,3.1,2.8,1.0,0.999,0.0
125.0,3.0,-0.30000000000000004,2.5,1.0,0.999,0.0
125.0,4.0,3.1,5.6,0.0,0.999,0.0
125.0,5.0,-0.30000000000000004,5.3,3.0,0.999,0.0
125.0,6.0,3.1,8.4,2.0,0.999,0.0
125.0,7.0,-0.30000000000000004,8.1,0.0,0.999,0.0
125.0,8.0,3.1,11.2,1.0,0.999,1.0
126.0,1.0,-0.5,-0.5,3.0,0.998001,0.0
126.0,2.0,-0.1,-0.6,3.0,0.998001,0.0
126.0,3.0,-0.5,-1.1,2.0,0.998001,0.0
126.0,4.0,-0.5,-1.6,2.0,0.998001,0.0
126.0,5.0,-0.30000000000000004,-1.9000000000000001,2.0,0.998001,0.0
126.0,6.0,-0.5,-2.4000000000000004,1.0,0.998001,0.0
126.0,7.0,-0.5,-2.9000000000000004,1.0,0.998001,0.0
126.0,8.0,-0.1,-3.0000000000000004,2.0,0.998001,1.0
127.0,1.0,0.1,0.1,2.0,0.997002999,0.0
127.0,2.0,-0.1,0.0,3.0,0.997002999,0.0
127.0,3.0,0.1,0.1,2.0,0.997002999,0.0
127.0,4.0,-0.1,0.0,3.0,0.997002999,0.0
127.0,5.0,-0.1,-0.1,0.0,0.997002999,0.0
127.0,6.0,-0.5,-0.6,2.0,0.997002999,0.0
127.0,7.0,0.1,-0.5,1.0,0.997002999,0.0
127.0,8.0,-0.1,-0.6,3.0,0.997002999,0.0
127.0,9.0,-0.1,-0.7,0.0,0.997002999,0.0
127.0,10.0,-0.5,-1.2,2.0,0.997002999,1.0
128.0,1.0,-0.1,-0.1,2.0,0.996005996001,0.0
128.0,2.0,-0.30000000000000004,-0.4,2.0,0.996005996001,0.0
128.0,3.0,-0.1,-0.5,1.0,0.996005996001,0.0
128.0,4.0,-0.30000000000000004,-0.8,3.0,0.996005996001,0.0
128.0,5.0,-0.5,-1.3,3.0,0.996005996001,1.0
129.0,1.0,0.1,0.1,2.0,0.995009990004999,0.0
129.0,2.0,2.9,3.0,1.0,0.995009990004999,0.0
129.0,3.0,-0.1,2.9,3.0,0.995009990004999,0.0
129.0,4.0,2.9,5.8,2.0,0.995009990004999,0.0
129.0,5.0,-0.1,5.7,3.0,0.995009990004999,0.0
129.0,6.0,2.9,8.6,2.0,0.995009990004999,0.0
129.0,7.0,-0.1,8.5,1.0,0.995009990004999,0.0
129.0,8.0,2.9,11.4,0.0,0.995009990004999,0.0
129.0,9.0,-0.1,11.3,1.0,0.995009990004999,0.0
129.0,10.0,2.9,14.200000000000001,0.0,0.995009990004999,0.0
129.0,11.0,-0.1,14.100000000000001,3.0,0.995009990004999,0.0
129.0,12.0,-0.1,14.000000000000002,3.0,0.995009990004999,0.0
129.0,13.0,-0.1,13.900000000000002,2.0,0.995009990004999,0.0
129.0,14.0,-0.1,13.800000000000002,1.0,0.995009990004999,1.0
130.0,1.0,-0.1,-0.1,0.0,0.994014980014994,0.0
130.0,2.0,-0.1,-0.2,3.0,0.994014980014994,0.0
130.0,3.0,-0.1,-0.30000000000000004,0.0,0.994014980014994,0.0
130.0,4.0,-0.5,-0.8,2.0,0.994014980014994,0.0
130.0,5.0,2.9,2.0999999999999996,0.0,0.994014980014994,0.0
130.0,6.0,-0.5,1.5999999999999996,1.0,0.994014980014994,1.0
131.0,1.0,0.1,0.1,2.0,0.993020965034979,0.0
131.0,2.0,-0.5,-0.4,3.0,0.993020965034979,0.0
131.0,3.0,-0.1,-0.5,1.0,0.993020965034979,0.0
131.0,4.0,-0.1,-0.6,2.0,0.993020965034979,0.0
131.0,5.0,-0.5,-1.1,2.0,0.993020965034979,0.0
131.0,6.0,-0.1,-1.2000000000000002,3.0,0.993020965034979,0.0
131.0,7.0,-0.1,-1.3000000000000003,1.0,0.993020965034979,0.0
131.0,8.0,-0.5,-1.8000000000000003,2.0,0.993020965034979,0.0
131.0,9.0,-0.5,-2.3000000000000003,1.0,0.993020965034979,0.0
131.0,10.0,-0.30000000000000004,-2.6000000000000005,1.0,0.993020965034979,0.0
131.0,11.0,-0.5,-3.1000000000000005,0.0,0.993020965034979,1.0
132.0,1.0,-0.5,-0.5,1.0,0.9920279440699441,0.0
132.0,2.0,-0.5,-1.0,0.0,0.9920279440699441,0.0
132.0,3.0,-0.30000000000000004,-1.3,0.0,0.9920279440699441,0.0
132.0,4.0,0.1,-1.2,0.0,0.9920279440699441,0.0
132.0,5.0,0.1,-1.0999999999999999,0.0,0.9920279440699441,0.0
132.0,6.0,-0.1,-1.2,2.0,0.9920279440699441,0.0
132.0,7.0,0.1,-1.0999999999999999,1.0,0.9920279440699441,0.0
132.0,8.0,-0.1,-1.2,0.0,0.9920279440699441,1.0
133.0,1.0,-0.30000000000000004,-0.30000000000000004,1.0,0.9910359161258742,0.0
133.0,2.0,-0.1,-0.4,0.0,0.9910359161258742,0.0
133.0,3.0,-0.1,-0.5,3.0,0.9910359161258742,0.0
133.0,4.0,0.1,-0.4,0.0,0.9910359161258742,0.0
133.0,5.0,0.1,-0.30000000000000004,3.0,0.9910359161258742,0.0
133.0,6.0,-0.1,-0.4,3.0,0.9910359161258742,0.0
133.0,7.0,0.1,-0.30000000000000004,2.0,0.9910359161258742,0.0
133.0,8.0,-0.1,-0.4,3.0,0.9910359161258742,0.0
133.0,9.0,0.1,-0.30000000000000004,2.0,0.9910359161258742,0.0
133.0,10.0,0.1,-0.20000000000000004,2.0,0.9910359161258742,0.0
133.0,11.0,0.1,-0.10000000000000003,3.0,0.9910359161258742,0.0
133.0,12.0,-0.1,-0.20000000000000004,3.0,0.9910359161258742,0.0
133.0,13.0,-0.1,-0.30000000000000004,3.0,0.9910359161258742,0.0
133.0,14.0,-0.1,-0.4,3.0,0.9910359161258742,0.0
133.0,15.0,-0.1,-0.5,2.0,0.9910359161258742,0.0
133.0,16.0,-0.1,-0.6,1.0,0.9910359161258742,0.0
133.0,17.0,-0.30000000000000004,-0.9,1.0,0.9910359161258742,1.0
134.0,1.0,-0.1,-0.1,0.0,0.9900448802097482,0.0
134.0,2.0,-0.5,-0.6,3.0,0.9900448802097482,0.0
134.0,3.0,-0.1,-0.7,2.0,0.9900448802097482,0.0
134.0,4.0,0.1,-0.6,2.0,0.9900448802097482,0.0
134.0,5.0,0.1,-0.5,2.0,0.9900448802097482,0.0
134.0,6.0,0.1,-0.4,3.0,0.9900448802097482,0.0
134.0,7.0,-0.1,-0.5,3.0,0.9900448802097482,0.0
134.0,8.0,-0.1,-0.6,0.0,0.9900448802097482,0.0
134.0,9.0,-0.1,-0.7,1.0,0.9900448802097482,0.0
134.0,10.0,-0.1,-0.7999999999999999,0.0,0.9900448802097482,0.0
134.0,11.0,-0.1,-0.8999999999999999,0.0,0.9900448802097482,0.0
134.0,12.0,-0.30000000000000004,-1.2,3.0,0.9900448802097482,0.0
134.0,13.0,-0.1,-1.3,3.0,0.9900448802097482,0.0
134.0,14.0,-0.1,-1.4000000000000001,0.0,0.9900448802097482,0.0
134.0,15.0,-0.30000000000000004,-1.7000000000000002,0.0,0.9900448802097482,1.0
135.0,1.0,-40.1,-40.1,1.0,0.9890548353295385,1.0
136.0,1.0,-40.1,-40.1,0.0,0.988065780494209,1.0
137.0,1.0,-0.1,-0.1,1.0,0.9870777147137147,0.0
137.0,2.0,3.1,3.0,2.0,0.9870777147137147,0.0
137.0,3.0,-0.1,2.9,0.0,0.9870777147137147,0.0
137.0,4.0,0.1,3.0,2.0,0.9870777147137147,0.0
137.0,5.0,-0.1,2.9,3.0,0.9870777147137147,0.0
137.0,6.0,-0.1,2.8,3.0,0.9870777147137147,0.0
137.0,7.0,-0.1,2.6999999999999997,3.0,0.9870777147137147,1.0
138.0,1.0,-0.1,-0.1,3.0,0.986090636999001,0.0
138.0,2.0,-0.30000000000000004,-0.4,0.0,0.986090636999001,0.0
138.0,3.0,2.9,2.5,3.0,0.986090636999001,0.0
138.0,4.0,-0.30000000000000004,2.2,2.0,0.986090636999001,0.0
138.0,5.0,-0.5,1.7000000000000002,0.0,0.986090636999001,1.0
139.0,1.0,0.1,0.1,2.0,0.9851045463620021,0.0
139.0,2.0,-0.30000000000000004,-0.20000000000000004,2.0,0.9851045463620021,0.0
139.0,3.0,-0.1,-0.30000000000000004,0.0,0.9851045463620021,0.0
139.0,4.0,-0.1,-0.4,0.0,0.9851045463620021,0.0
139.0,5.0,-0.1,-0.5,1.0,0.9851045463620021,0.0
139.0,6.0,-0.30000000000000004,-0.8,1.0,0.9851045463620021,0.0
139.0,7.0,-39.9,-40.699999999999996,2.0,0.9851045463620021,1.0
140.0,1.0,-0.5,-0.5,3.0,0.98411944181564,0.0
140.0,2.0,2.9,2.4,1.0,0.98411944181564,0.0
140.0,3.0,-0.5,1.9,0.0,0.98411944181564,0.0
140.0,4.0,2.9,4.8,1.0,0.98411944181564,0.0
140.0,5.0,-0.1,4.7,3.0,0.98411944181564,0.0
140.0,6.0,2.9,7.6,1.0,0.98411944181564,0.0
140.0,7.0,-40.1,-32.5,1.0,0.98411944181564,1.0
141.0,1.0,-0.30000000000000004,-0.30000000000000004,0.0,0.9831353223738244,0.0
141.0,2.0,-40.1,-40.4,0.0,0.9831353223738244,1.0
142.0,1.0,-0.1,-0.1,2.0,0.9821521870514506,0.0
142.0,2.0,-0.1,-0.2,0.0,0.9821521870514506,0.0
142.0,3.0,-0.5,-0.7,0.0,0.9821521870514506,0.0
142.0,4.0,-0.1,-0.7999999999999999,2.0,0.9821521870514506,0.0
142.0,5.0,-0.1,-0.8999999999999999,1.0,0.9821521870514506,1.0
143.0,1.0,0.1,0.1,2.0,0.9811700348643991,0.0
143.0,2.0,-0.1,0.0,0.0,0.9811700348643991,0.0
143.0,3.0,0.1,0.1,3.0,0.9811700348643991,0.0
143.0,4.0,0.1,0.2,3.0,0.9811700348643991,0.0
143.0,5.0,3.1,3.3000000000000003,0.0,0.9811700348643991,0.0
143.0,6.0,0.1,3.4000000000000004,1.0,0.9811700348643991,0.0
143.0,7.0,-40.1,-36.7,3.0,0.9811700348643991,1.0
144.0,1.0,-0.1,-0.1,0.0,0.9801888648295347,0.0
144.0,2.0,3.1,3.0,0.0,0.9801888648295347,0.0
144.0,3.0,-0.1,2.9,0.0,0.9801888648295347,0.0
144.0,4.0,3.1,6.0,1.0,0.9801888648295347,0.0
144.0,5.0,0.1,6.1,2.0,0.9801888648295347,0.0
144.0,6.0,0.1,6.199999999999999,0.0,0.9801888648295347,0.0
144.0,7.0,0.1,6.299999999999999,1.0,0.9801888648295347,0.0
144.0,8.0,-0.1,6.199999999999999,1.0,0.9801888648295347,1.0
145.0,1.0,-0.5,-0.5,1.0,0.9792086759647052,0.0
145.0,2.0,-0.1,-0.6,2.0,0.9792086759647052,0.0
145.0,3.0,-0.1,-0.7,0.0,0.9792086759647052,0.0
145.0,4.0,-0.1,-0.7999999999999999,3.0,0.9792086759647052,0.0
145.0,5.0,-0.1,-0.8999999999999999,2.0,0.9792086759647052,0.0
145.0,6.0,-0.1,-0.9999999999999999,3.0,0.9792086759647052,0.0
145.0,7.0,-0.5,-1.5,1.0,0.9792086759647052,1.0
146.0,1.0,-0.5,-0.5,0.0,0.9782294672887405,0.0
146.0,2.0,2.9,2.4,2.0,0.9782294672887405,0.0
146.0,3.0,-0.5,1.9,0.0,0.9782294672887405,0.0
146.0,4.0,2.9,4.8,1.0,0.9782294672887405,0.0
146.0,5.0,-0.1,4.7,2.0,0.9782294672887405,0.0
146.0,6.0,-0.1,4.6000000000000005,0.0,0.9782294672887405,0.0
146.0,7.0,-0.1,4.500000000000001,2.0,0.9782294672887405,0.0
146.0,8.0,-0.5,4.000000000000001,0.0,0.9782294672887405,0.0
146.0,9.0,-0.1,3.900000000000001,3.0,0.9782294672887405,0.0
146.0,10.0,-0.1,3.8000000000000007,1.0,0.9782294672887405,0.0
146.0,11.0,-0.5,3.3000000000000007,3.0,0.9782294672887405,0.0
146.0,12.0,-0.1,3.2000000000000006,0.0,0.9782294672887405,0.0
146.0,13.0,-0.5,2.7000000000000006,1.0,0.9782294672887405,1.0
147.0,1.0,-0.30000000000000004,-0.30000000000000004,3.0,0.9772512378214517,0.0
147.0,2.0,-0.5,-0.8,3.0,0.9772512378214517,0.0
147.0,3.0,-0.1,-0.9,0.0,0.9772512378214517,0.0
147.0,4.0,-0.5,-1.4,1.0,0.9772512378214517,0.0
147.0,5.0,0.1,-1.2999999999999998,1.0,0.9772512378214517,0.0
147.0,6.0,0.1,-1.1999999999999997,3.0,0.9772512378214517,0.0
147.0,7.0,0.1,-1.0999999999999996,3.0,0.9772512378214517,0.0
147.0,8.0,0.1,-0.9999999999999997,2.0,0.9772512378214517,0.0
147.0,9.0,-0.1,-1.0999999999999996,0.0,0.9772512378214517,0.0
147.0,10.0,-0.5,-1.5999999999999996,2.0,0.9772512378214517,1.0
148.0,1.0,0.1,0.1,2.0,0.9762739865836303,0.0
148.0,2.0,-0.1,0.0,3.0,0.9762739865836303,0.0
148.0,3.0,-0.1,-0.1,1.0,0.9762739865836303,0.0
148.0,4.0,-0.1,-0.2,0.0,0.9762739865836303,0.0
148.0,5.0,0.1,-0.1,0.0,0.9762739865836303,0.0
148.0,6.0,-0.1,-0.2,1.0,0.9762739865836303,0.0
148.0,7.0,0.1,-0.1,2.0,0.9762739865836303,0.0
148.0,8.0,-0.1,-0.2,3.0,0.9762739865836303,0.0
148.0,9.0,0.1,-0.1,2.0,0.9762739865836303,0.0
148.0,10.0,0.1,0.0,2.0,0.9762739865836303,0.0
148.0,11.0,0.1,0.1,3.0,0.9762739865836303,0.0
148.0,12.0,-0.30000000000000004,-0.20000000000000004,1.0,0.9762739865836303,0.0
148.0,13.0,-0.1,-0.30000000000000004,2.0,0.9762739865836303,0.0
148.0,14.0,-40.1,-40.4,1.0,0.9762739865836303,1.0
149.0,1.0,-40.1,-40.1,3.0,0.9752977125970467,1.0
150.0,1.0,-0.1,-0.1,0.0,0.9743224148844496,0.0
150.0,2.0,-0.1,-0.2,0.0,0.9743224148844496,0.0
150.0,3.0,-0.1,-0.30000000000000004,3.0,0.9743224148844496,0.0
150.0,4.0,-0.1,-0.4,1.0,0.9743224148844496,0.0
150.0,5.0,-0.1,-0.5,3.0,0.9743224148844496,0.0
150.0,6.0,-0.30000000000000004,-0.8,1.0,0.9743224148844496,0.0
150.0,7.0,-0.5,-1.3,3.0,0.9743224148844496,0.0
150.0,8.0,-0.30000000000000004,-1.6,0.0,0.9743224148844496,1.0
151.0,1.0,-0.1,-0.1,1.0,0.9733480924695651,0.0
151.0,2.0,0.1,0.0,2.0,0.9733480924695651,0.0
151.0,3.0,-0.1,-0.1,3.0,0.9733480924695651,0.0
151.0,4.0,0.1,0.0,2.0,0.9733480924695651,0.0
151.0,5.0,-0.1,-0.1,3.0,0.9733480924695651,0.0
151.0,6.0,-0.1,-0.2,3.0,0.9733480924695651,0.0
151.0,7.0,-0.30000000000000004,-0.5,0.0,0.9733480924695651,1.0
152.0,1.0,-0.30000000000000004,-0.30000000000000004,0.0,0.9723747443770956,0.0
152.0,2.0,2.9,2.5999999999999996,2.0,0.9723747443770956,0.0
152.0,3.0,-0.30000000000000004,2.3,3.0,0.9723747443770956,0.0
152.0,4.0,-0.1,2.1999999999999997,3.0,0.9723747443770956,0.0
152.0,5.0,-0.1,2.0999999999999996,1.0,0.9723747443770956,0.0
152.0,6.0,-0.1,1.9999999999999996,2.0,0.9723747443770956,0.0
152.0,7.0,-0.1,1.8999999999999995,2.0,0.9723747443770956,0.0
152.0,8.0,0.1,1.9999999999999996,2.0,0.9723747443770956,0.0
152.0,9.0,-0.1,1.8999999999999995,3.0,0.9723747443770956,1.0
153.0,1.0,-0.30000000000000004,-0.30000000000000004,2.0,0.9714023696327185,0.0
153.0,2.0,0.1,-0.20000000000000004,2.0,0.9714023696327185,0.0
